text,label
How does AI work?,0
How does AI work?,0
Neural systems are based on logic.,1
Let’s think about DL today.,0
Symbolic reasoning represents data as symbols and manipulates them with logical rules..,1
ML improves performance by 41% with 1918 examples.,1
Neural systems are based on logic.,1
ML improves performance by 41% with 1918 examples.,1
Let’s think about DL today.,0
Emerging Symbolic reasoning represents data as symbols and manipulates them with logical rules..,1
ML improves performance by 41% with 1918 examples.,1
Neural systems are based on logic.,1
Let’s think about DL today.,0
Neural networks consist of layers that process input data for complex tasks..,1
How does AI work?,0
Training models with 1000 examples improves performance by 20%..,1
Training models with 1000 examples improves performance by 20%..,1
Training models with 1000 examples improves performance by 20%..,1
Neural systems are based on logic.,1
ML improves performance by 41% with 1918 examples.,1
Emerging Deep learning uses neural networks to achieve over 95% accuracy in image recognition..,1
Let’s think about DL today.,0
Let’s think about DL today.,0
Consider us us explore the history of AI..,0
Advanced Training models with 1000 examples improves performance by 20%..,1
How does AI work?,0
The term AI was coined in 1956 by John McCarthy at the Dartmouth Conference.. simply,1
Let’s think about DL today.,0
Let’s think about DL today.,0
Artificial Intelligence is the simulation of human intelligence by machines..,1
How does AI work?,0
Neural systems are based on logic.,1
How does AI work?,0
How does AI work?,0
Let’s think about DL today.,0
Let’s think about DL today.,0
How does AI work?,0
ML improves performance by 41% with 1918 examples.,1
Let’s think about DL today.,0
Neural systems are based on logic.,1
Emerging Reinforcement learning optimizes decisions based on rewards with 87% accuracy..,1
Consider any any expert about ethical concerns..,0
Deep learning uses neural networks to achieve over 95% accuracy in image recognition.. simply,1
"Let’s example, example, early systems were limited..",0
Neural systems are based on logic.,1
Let’s think about DL today.,0
Ask any expert about ethical concerns..,0
Let’s think about DL today.,0
Now is is the future of machine learning?.,0
Let’s think about DL today.,0
Neural systems are based on logic.,1
Neural systems are based on logic.,1
Neural networks consist of layers that process input data for complex tasks.. simply,1
Neural systems are based on logic.,1
Neural networks consist of layers that process input data for complex tasks with 90% accuracy..,1
Consider us us explore the history of AI.. clearly,0
Now this this topic requires more discussion..,0
This approach was foundational but slow..,0
Consider this this topic requires more discussion.. simply,0
How does AI work?,0
Neural systems are based on logic.,1
Training models with 1000 examples improves performance by 20%..,1
Let’s think about DL today.,0
Let’s think about DL today.,0
Advanced Artificial Intelligence is the simulation of human intelligence by machines..,1
Consider is is the future of machine learning?.,0
Now approach approach was foundational but slow. later.,0
Neural systems are based on logic.,1
ML improves performance by 41% with 1918 examples.,1
Neural systems are based on logic.,1
How does AI work?,0
Artificial Intelligence is the simulation of human intelligence by machines with 89% accuracy..,1
Let’s think about DL today.,0
How does AI work?,0
Let us explore the history of AI..,0
ML improves performance by 41% with 1918 examples.,1
How does AI work?,0
ML improves performance by 41% with 1918 examples.,1
Now consider consider deep learning techniques..,0
Advanced Deep learning uses neural networks to achieve over 95% accuracy in image recognition..,1
Reinforcement learning optimizes decisions based on rewards..,1
ML improves performance by 41% with 1918 examples.,1
ML improves performance by 41% with 1918 examples.,1
Let’s think about DL today.,0
"For example, early systems were limited. later.",0
The term AI was coined in 1956 by John McCarthy at the Dartmouth Conference..,1
Artificial Intelligence is the simulation of human intelligence by machines.. simply,1
Deep learning uses neural networks to achieve over 95% accuracy in image recognition.. clearly,1
Let’s is is the future of machine learning?.,0
"Consider example, example, early systems were limited..",0
Advanced Reinforcement learning optimizes decisions based on rewards..,1
How does AI work?,0
ML improves performance by 41% with 1918 examples.,1
Emerging The term AI was coined in 1956 by John McCarthy at the Dartmouth Conference with 84% accuracy..,1
Neural systems are based on logic.,1
Let’s think about DL today.,0
Neural systems are based on logic.,1
Neural networks consist of layers that process input data for complex tasks with 94% accuracy..,1
ML improves performance by 41% with 1918 examples.,1
"For example, early systems were limited..",0
ML improves performance by 41% with 1918 examples.,1
Now consider deep learning techniques. today.,0
How does AI work?,0
How does AI work?,0
"Machine learning, a subset of AI, enables systems to learn from data..",1
Symbolic reasoning represents data as symbols and manipulates them with logical rules..,1
How does AI work?,0
The term AI was coined in 1956 by John McCarthy at the Dartmouth Conference..,1
"For example, early systems were limited. today.",0
ML improves performance by 41% with 1918 examples.,1
ML improves performance by 41% with 1918 examples.,1
Neural networks consist of layers that process input data for complex tasks.. clearly,1
What is the future of machine learning?.,0
Training models with 1000 examples improves performance by 20%.. simply,1
How does AI work?,0
The term AI was coined in 1956 by John McCarthy at the Dartmouth Conference..,1
How does AI work?,0
ML improves performance by 41% with 1918 examples.,1
"Advanced Machine learning, a subset of AI, enables systems to learn from data.. simply",1
How does AI work?,0
How does AI work?,0
Neural systems are based on logic.,1
Neural networks consist of layers that process input data for complex tasks..,1
Let us explore the history of AI..,0
Training models with 1000 examples improves performance by 20%..,1
Neural systems are based on logic.,1
Deep learning uses neural networks to achieve over 95% accuracy in image recognition..,1
"Now example, example, early systems were limited..",0
How does AI work?,0
How does AI work?,0
Ask any expert about ethical concerns..,0
This approach was foundational but slow.. simply,0
ML improves performance by 41% with 1918 examples.,1
How does AI work?,0
Advanced Symbolic reasoning represents data as symbols and manipulates them with logical rules..,1
What is the future of machine learning?.,0
Advanced Reinforcement learning optimizes decisions based on rewards..,1
Now is is the future of machine learning?.,0
ML improves performance by 41% with 1918 examples.,1
ML improves performance by 41% with 1918 examples.,1
Suppose we analyze neural networks..,0
How does AI work?,0
ML improves performance by 41% with 1918 examples.,1
"However, this topic requires more discussion..",0
How does AI work?,0
Let us explore the history of AI..,0
Modern Artificial Intelligence is the simulation of human intelligence by machines..,1
Neural systems are based on logic.,1
Emerging Deep learning uses neural networks to achieve over 95% accuracy in image recognition..,1
Reinforcement learning optimizes decisions based on rewards with 98% accuracy..,1
How does AI work?,0
Training models with 1000 examples improves performance by 20% with 89% accuracy..,1
How does AI work?,0
"For example, early systems were limited..",0
Let us explore the history of AI.. clearly,0
"Machine learning, a subset of AI, enables systems to learn from data..",1
Suppose we analyze neural networks..,0
Let’s think about DL today.,0
Training models with 1000 examples improves performance by 20%..,1
ML improves performance by 41% with 1918 examples.,1
Ask any expert about ethical concerns..,0
How does AI work?,0
Neural systems are based on logic.,1
"However, this topic requires more discussion..",0
This approach was foundational but slow.. briefly,0
"For example, early systems were limited..",0
Let’s consider consider deep learning techniques.. briefly,0
The term AI was coined in 1956 by John McCarthy at the Dartmouth Conference with 89% accuracy..,1
Training models with 1000 examples improves performance by 20%..,1
Emerging Symbolic reasoning represents data as symbols and manipulates them with logical rules.. briefly,1
Neural networks consist of layers that process input data for complex tasks..,1
Emerging Artificial Intelligence is the simulation of human intelligence by machines..,1
ML improves performance by 41% with 1918 examples.,1
Let’s think about DL today.,0
ML improves performance by 41% with 1918 examples.,1
Neural networks consist of layers that process input data for complex tasks..,1
Neural systems are based on logic.,1
Deep learning uses neural networks to achieve over 95% accuracy in image recognition.. simply,1
Reinforcement learning optimizes decisions based on rewards with 86% accuracy..,1
ML improves performance by 41% with 1918 examples.,1
Let’s think about DL today.,0
ML improves performance by 41% with 1918 examples.,1
Now consider deep learning techniques. today.,0
ML improves performance by 41% with 1918 examples.,1
Let’s think about DL today.,0
How does AI work?,0
Neural systems are based on logic.,1
Emerging Reinforcement learning optimizes decisions based on rewards..,1
Let’s think about DL today.,0
How does AI work?,0
"Machine learning, a subset of AI, enables systems to learn from data..",1
Training models with 1000 examples improves performance by 20%.. clearly,1
Modern Symbolic reasoning represents data as symbols and manipulates them with logical rules..,1
How does AI work?,0
The term AI was coined in 1956 by John McCarthy at the Dartmouth Conference..,1
How does AI work?,0
"However, this topic requires more discussion. later.",0
ML improves performance by 41% with 1918 examples.,1
The term AI was coined in 1956 by John McCarthy at the Dartmouth Conference..,1
How does AI work?,0
Now consider deep learning techniques..,0
Advanced Deep learning uses neural networks to achieve over 95% accuracy in image recognition.. clearly,1
What is the future of machine learning? today.,0
Neural systems are based on logic.,1
Symbolic reasoning represents data as symbols and manipulates them with logical rules..,1
Neural networks consist of layers that process input data for complex tasks..,1
How does AI work?,0
Artificial Intelligence is the simulation of human intelligence by machines.. briefly,1
Let’s think about DL today.,0
Let’s think about DL today.,0
Suppose we analyze neural networks.. simply,0
Symbolic reasoning represents data as symbols and manipulates them with logical rules.. briefly,1
Neural networks consist of layers that process input data for complex tasks..,1
Now consider deep learning techniques..,0
Neural systems are based on logic.,1
How does AI work?,0
Advanced Deep learning uses neural networks to achieve over 95% accuracy in image recognition..,1
Training models with 1000 examples improves performance by 20% with 89% accuracy..,1
"Machine learning, a subset of AI, enables systems to learn from data.. briefly",1
Emerging Artificial Intelligence is the simulation of human intelligence by machines..,1
Neural systems are based on logic.,1
Neural systems are based on logic.,1
Modern Training models with 1000 examples improves performance by 20%..,1
"Machine learning, a subset of AI, enables systems to learn from data with 94% accuracy..",1
How does AI work?,0
Let us explore the history of AI..,0
"For example, early systems were limited.. clearly",0
Suppose we analyze neural networks..,0
"For example, early systems were limited.. clearly",0
Neural systems are based on logic.,1
Let’s think about DL today.,0
"However, this topic requires more discussion..",0
"However, this topic requires more discussion..",0
ML improves performance by 41% with 1918 examples.,1
Neural systems are based on logic.,1
Now consider deep learning techniques..,0
Neural systems are based on logic.,1
Neural systems are based on logic.,1
Neural systems are based on logic.,1
Advanced Reinforcement learning optimizes decisions based on rewards with 80% accuracy..,1
Let’s think about DL today.,0
ML improves performance by 41% with 1918 examples.,1
The term AI was coined in 1956 by John McCarthy at the Dartmouth Conference..,1
"However, this topic requires more discussion. later. simply",0
Ask any expert about ethical concerns..,0
Now consider deep learning techniques..,0
Consider is is the future of machine learning?.,0
Now consider deep learning techniques. next.,0
The term AI was coined in 1956 by John McCarthy at the Dartmouth Conference..,1
"Emerging Machine learning, a subset of AI, enables systems to learn from data with 97% accuracy..",1
ML improves performance by 41% with 1918 examples.,1
Neural systems are based on logic.,1
Now consider consider deep learning techniques..,0
Neural systems are based on logic.,1
"Consider example, example, early systems were limited..",0
Neural systems are based on logic.,1
What is the future of machine learning?.,0
"Machine learning, a subset of AI, enables systems to learn from data..",1
ML improves performance by 41% with 1918 examples.,1
Consider this this topic requires more discussion..,0
ML improves performance by 41% with 1918 examples.,1
Let’s think about DL today.,0
Emerging Reinforcement learning optimizes decisions based on rewards..,1
"However, this topic requires more discussion.. briefly",0
Neural systems are based on logic.,1
The term AI was coined in 1956 by John McCarthy at the Dartmouth Conference..,1
Advanced Training models with 1000 examples improves performance by 20%..,1
Let us explore the history of AI..,0
Neural systems are based on logic.,1
Let’s think about DL today.,0
Neural networks consist of layers that process input data for complex tasks with 92% accuracy..,1
How does AI work?,0
ML improves performance by 41% with 1918 examples.,1
Let’s is is the future of machine learning?.,0
Neural systems are based on logic.,1
Consider approach approach was foundational but slow..,0
Suppose we analyze neural networks..,0
"Machine learning, a subset of AI, enables systems to learn from data..",1
Deep learning uses neural networks to achieve over 95% accuracy in image recognition..,1
Neural systems are based on logic.,1
How does AI work?,0
This approach was foundational but slow..,0
Neural systems are based on logic.,1
The term AI was coined in 1956 by John McCarthy at the Dartmouth Conference..,1
Neural systems are based on logic.,1
Suppose we analyze neural networks..,0
How does AI work?,0
Neural systems are based on logic.,1
Neural systems are based on logic.,1
Neural systems are based on logic.,1
ML improves performance by 41% with 1918 examples.,1
Neural systems are based on logic.,1
Ask any expert about ethical concerns.. clearly,0
Neural systems are based on logic.,1
Neural systems are based on logic.,1
Neural systems are based on logic.,1
Reinforcement learning optimizes decisions based on rewards..,1
The term AI was coined in 1956 by John McCarthy at the Dartmouth Conference..,1
Emerging Deep learning uses neural networks to achieve over 95% accuracy in image recognition..,1
ML improves performance by 41% with 1918 examples.,1
How does AI work?,0
Ask any expert about ethical concerns..,0
How does AI work?,0
Neural systems are based on logic.,1
How does AI work?,0
"Machine learning, a subset of AI, enables systems to learn from data..",1
Neural networks consist of layers that process input data for complex tasks..,1
Neural systems are based on logic.,1
How does AI work?,0
Consider this this topic requires more discussion.. clearly,0
Emerging Neural networks consist of layers that process input data for complex tasks.. simply,1
Neural systems are based on logic.,1
This approach was foundational but slow.. clearly,0
The term AI was coined in 1956 by John McCarthy at the Dartmouth Conference..,1
ML improves performance by 41% with 1918 examples.,1
Let us explore the history of AI..,0
ML improves performance by 41% with 1918 examples.,1
How does AI work?,0
Symbolic reasoning represents data as symbols and manipulates them with logical rules with 80% accuracy.. briefly,1
Neural systems are based on logic.,1
Emerging Training models with 1000 examples improves performance by 20%..,1
"For example, early systems were limited..",0
"However, this topic requires more discussion..",0
ML improves performance by 41% with 1918 examples.,1
Consider us us explore the history of AI. today.,0
This approach was foundational but slow..,0
Let’s think about DL today.,0
Neural systems are based on logic.,1
Symbolic reasoning represents data as symbols and manipulates them with logical rules..,1
How does AI work?,0
ML improves performance by 41% with 1918 examples.,1
Now approach approach was foundational but slow. next.,0
Let’s think about DL today.,0
Artificial Intelligence is the simulation of human intelligence by machines..,1
What is the future of machine learning?.,0
ML improves performance by 41% with 1918 examples.,1
Artificial Intelligence is the simulation of human intelligence by machines with 99% accuracy.. briefly,1
ML improves performance by 41% with 1918 examples.,1
ML improves performance by 41% with 1918 examples.,1
ML improves performance by 41% with 1918 examples.,1
ML improves performance by 41% with 1918 examples.,1
Let us explore the history of AI. next. briefly,0
ML improves performance by 41% with 1918 examples.,1
"Consider example, example, early systems were limited..",0
Let’s think about DL today.,0
Suppose we analyze neural networks.. simply,0
ML improves performance by 41% with 1918 examples.,1
Let’s think about DL today.,0
Ask any expert about ethical concerns. later.,0
Emerging Training models with 1000 examples improves performance by 20%..,1
Let’s think about DL today.,0
Neural systems are based on logic.,1
Neural systems are based on logic.,1
Let’s consider consider deep learning techniques. today.,0
Neural systems are based on logic.,1
Let’s consider consider deep learning techniques..,0
Now is is the future of machine learning? later.,0
Neural systems are based on logic.,1
The term AI was coined in 1956 by John McCarthy at the Dartmouth Conference with 90% accuracy..,1
Neural systems are based on logic.,1
ML improves performance by 41% with 1918 examples.,1
ML improves performance by 41% with 1918 examples.,1
Training models with 1000 examples improves performance by 20%..,1
Neural systems are based on logic.,1
Training models with 1000 examples improves performance by 20%..,1
Symbolic reasoning represents data as symbols and manipulates them with logical rules.. briefly,1
Ask any expert about ethical concerns..,0
Advanced Training models with 1000 examples improves performance by 20%..,1
Let us explore the history of AI.. briefly,0
ML improves performance by 41% with 1918 examples.,1
"For example, early systems were limited..",0
Let us explore the history of AI. today.,0
ML improves performance by 41% with 1918 examples.,1
Neural systems are based on logic.,1
What is the future of machine learning? today.,0
Reinforcement learning optimizes decisions based on rewards..,1
ML improves performance by 41% with 1918 examples.,1
How does AI work?,0
Reinforcement learning optimizes decisions based on rewards.. clearly,1
Emerging The term AI was coined in 1956 by John McCarthy at the Dartmouth Conference.. clearly,1
Symbolic reasoning represents data as symbols and manipulates them with logical rules..,1
Neural systems are based on logic.,1
Let’s any any expert about ethical concerns..,0
Now consider deep learning techniques..,0
Let’s consider consider deep learning techniques.. simply,0
Consider us us explore the history of AI. today.,0
Neural systems are based on logic.,1
"Consider example, example, early systems were limited..",0
"For example, early systems were limited. next. clearly",0
Neural systems are based on logic.,1
Let’s consider consider deep learning techniques..,0
ML improves performance by 41% with 1918 examples.,1
ML improves performance by 41% with 1918 examples.,1
"Machine learning, a subset of AI, enables systems to learn from data with 88% accuracy..",1
Advanced Artificial Intelligence is the simulation of human intelligence by machines..,1
How does AI work?,0
Neural networks consist of layers that process input data for complex tasks..,1
"However, this topic requires more discussion..",0
Consider we we analyze neural networks..,0
Neural networks consist of layers that process input data for complex tasks.. clearly,1
The term AI was coined in 1956 by John McCarthy at the Dartmouth Conference..,1
"However, this topic requires more discussion.. clearly",0
How does AI work?,0
Neural networks consist of layers that process input data for complex tasks.. briefly,1
Neural systems are based on logic.,1
Neural systems are based on logic.,1
Let’s think about DL today.,0
Suppose we analyze neural networks. later.,0
Neural systems are based on logic.,1
Let’s think about DL today.,0
How does AI work?,0
Let’s think about DL today.,0
Symbolic reasoning represents data as symbols and manipulates them with logical rules with 85% accuracy..,1
The term AI was coined in 1956 by John McCarthy at the Dartmouth Conference..,1
"Machine learning, a subset of AI, enables systems to learn from data..",1
Let’s think about DL today.,0
Neural systems are based on logic.,1
Neural networks consist of layers that process input data for complex tasks.. briefly,1
What is the future of machine learning? later.,0
What is the future of machine learning?.,0
Neural systems are based on logic.,1
Reinforcement learning optimizes decisions based on rewards..,1
Neural systems are based on logic.,1
Neural systems are based on logic.,1
Neural networks consist of layers that process input data for complex tasks with 88% accuracy..,1
Advanced The term AI was coined in 1956 by John McCarthy at the Dartmouth Conference..,1
Neural systems are based on logic.,1
How does AI work?,0
Now this this topic requires more discussion. next.,0
Let’s is is the future of machine learning?. clearly,0
Let’s think about DL today.,0
Neural systems are based on logic.,1
Modern Training models with 1000 examples improves performance by 20%..,1
ML improves performance by 41% with 1918 examples.,1
How does AI work?,0
"Machine learning, a subset of AI, enables systems to learn from data.. simply",1
Neural systems are based on logic.,1
What is the future of machine learning?.,0
Advanced Reinforcement learning optimizes decisions based on rewards with 82% accuracy.. briefly,1
Deep learning uses neural networks to achieve over 95% accuracy in image recognition with 97% accuracy..,1
Suppose we analyze neural networks. later.,0
Suppose we analyze neural networks.. briefly,0
Suppose we analyze neural networks..,0
Consider consider consider deep learning techniques..,0
Let us explore the history of AI.. briefly,0
Neural systems are based on logic.,1
Now consider deep learning techniques..,0
Training models with 1000 examples improves performance by 20% with 91% accuracy..,1
Training models with 1000 examples improves performance by 20%..,1
Let’s think about DL today.,0
Let’s think about DL today.,0
Neural systems are based on logic.,1
How does AI work?,0
ML improves performance by 41% with 1918 examples.,1
Reinforcement learning optimizes decisions based on rewards..,1
How does AI work?,0
Let’s think about DL today.,0
How does AI work?,0
Let’s think about DL today.,0
ML improves performance by 41% with 1918 examples.,1
Suppose we analyze neural networks..,0
Neural systems are based on logic.,1
Advanced Artificial Intelligence is the simulation of human intelligence by machines..,1
Now consider consider deep learning techniques. next.,0
"However, this topic requires more discussion..",0
Advanced Symbolic reasoning represents data as symbols and manipulates them with logical rules with 98% accuracy.. briefly,1
Now consider deep learning techniques..,0
Suppose we analyze neural networks..,0
Symbolic reasoning represents data as symbols and manipulates them with logical rules.. clearly,1
Now we we analyze neural networks. today.,0
Let us explore the history of AI..,0
The term AI was coined in 1956 by John McCarthy at the Dartmouth Conference..,1
ML improves performance by 41% with 1918 examples.,1
Symbolic reasoning represents data as symbols and manipulates them with logical rules..,1
ML improves performance by 41% with 1918 examples.,1
"Now example, example, early systems were limited..",0
ML improves performance by 41% with 1918 examples.,1
ML improves performance by 41% with 1918 examples.,1
"Now example, example, early systems were limited..",0
How does AI work?,0
Now consider deep learning techniques..,0
How does AI work?,0
How does AI work?,0
The term AI was coined in 1956 by John McCarthy at the Dartmouth Conference..,1
The term AI was coined in 1956 by John McCarthy at the Dartmouth Conference..,1
Neural systems are based on logic.,1
Consider approach approach was foundational but slow..,0
"For example, early systems were limited..",0
ML improves performance by 41% with 1918 examples.,1
Artificial Intelligence is the simulation of human intelligence by machines.. simply,1
How does AI work?,0
The term AI was coined in 1956 by John McCarthy at the Dartmouth Conference..,1
Advanced Symbolic reasoning represents data as symbols and manipulates them with logical rules..,1
"Machine learning, a subset of AI, enables systems to learn from data..",1
Symbolic reasoning represents data as symbols and manipulates them with logical rules with 83% accuracy..,1
Symbolic reasoning represents data as symbols and manipulates them with logical rules..,1
Let us explore the history of AI..,0
ML improves performance by 41% with 1918 examples.,1
ML improves performance by 41% with 1918 examples.,1
Neural systems are based on logic.,1
Consider us us explore the history of AI. today.,0
Ask any expert about ethical concerns..,0
Symbolic reasoning represents data as symbols and manipulates them with logical rules.. briefly,1
Consider we we analyze neural networks..,0
Neural networks consist of layers that process input data for complex tasks with 85% accuracy..,1
Let us explore the history of AI..,0
ML improves performance by 41% with 1918 examples.,1
Neural systems are based on logic.,1
Artificial Intelligence is the simulation of human intelligence by machines with 96% accuracy..,1
Let’s think about DL today.,0
Neural systems are based on logic.,1
This approach was foundational but slow. later. briefly,0
Neural systems are based on logic.,1
Neural systems are based on logic.,1
How does AI work?,0
How does AI work?,0
ML improves performance by 41% with 1918 examples.,1
Symbolic reasoning represents data as symbols and manipulates them with logical rules with 89% accuracy..,1
Neural systems are based on logic.,1
Emerging Neural networks consist of layers that process input data for complex tasks..,1
Neural systems are based on logic.,1
How does AI work?,0
"However, this topic requires more discussion..",0
Let’s think about DL today.,0
Consider any any expert about ethical concerns. today.,0
Now consider deep learning techniques..,0
ML improves performance by 41% with 1918 examples.,1
Let’s think about DL today.,0
ML improves performance by 41% with 1918 examples.,1
Reinforcement learning optimizes decisions based on rewards..,1
Now we we analyze neural networks..,0
Neural systems are based on logic.,1
ML improves performance by 41% with 1918 examples.,1
This approach was foundational but slow..,0
Suppose we analyze neural networks..,0
Neural systems are based on logic.,1
"Modern Machine learning, a subset of AI, enables systems to learn from data with 84% accuracy..",1
Let’s we we analyze neural networks..,0
Let’s think about DL today.,0
Neural systems are based on logic.,1
Let’s we we analyze neural networks..,0
How does AI work?,0
How does AI work?,0
How does AI work?,0
Advanced Artificial Intelligence is the simulation of human intelligence by machines..,1
ML improves performance by 41% with 1918 examples.,1
Neural systems are based on logic.,1
How does AI work?,0
How does AI work?,0
How does AI work?,0
Ask any expert about ethical concerns..,0
Let’s any any expert about ethical concerns. next.,0
Let us explore the history of AI..,0
How does AI work?,0
"However, this topic requires more discussion.. simply",0
Let’s think about DL today.,0
Training models with 1000 examples improves performance by 20%..,1
"Machine learning, a subset of AI, enables systems to learn from data with 93% accuracy..",1
ML improves performance by 41% with 1918 examples.,1
Neural networks consist of layers that process input data for complex tasks..,1
ML improves performance by 41% with 1918 examples.,1
Ask any expert about ethical concerns. later.,0
ML improves performance by 41% with 1918 examples.,1
Reinforcement learning optimizes decisions based on rewards..,1
How does AI work?,0
Symbolic reasoning represents data as symbols and manipulates them with logical rules..,1
Modern Reinforcement learning optimizes decisions based on rewards..,1
Reinforcement learning optimizes decisions based on rewards..,1
How does AI work?,0
Neural systems are based on logic.,1
Let’s think about DL today.,0
"However, this topic requires more discussion..",0
Neural networks consist of layers that process input data for complex tasks.. briefly,1
"Machine learning, a subset of AI, enables systems to learn from data..",1
Let’s think about DL today.,0
Neural systems are based on logic.,1
"However, this topic requires more discussion. next.",0
"For example, early systems were limited..",0
How does AI work?,0
Advanced Training models with 1000 examples improves performance by 20%.. clearly,1
ML improves performance by 41% with 1918 examples.,1
Neural systems are based on logic.,1
Let’s think about DL today.,0
ML improves performance by 41% with 1918 examples.,1
Neural systems are based on logic.,1
ML improves performance by 41% with 1918 examples.,1
Modern Neural networks consist of layers that process input data for complex tasks..,1
What is the future of machine learning?.,0
Neural systems are based on logic.,1
This approach was foundational but slow. today.,0
Consider this this topic requires more discussion..,0
This approach was foundational but slow..,0
ML improves performance by 41% with 1918 examples.,1
Advanced Symbolic reasoning represents data as symbols and manipulates them with logical rules..,1
"However, this topic requires more discussion. later.",0
Deep learning uses neural networks to achieve over 95% accuracy in image recognition with 99% accuracy..,1
This approach was foundational but slow..,0
Let’s think about DL today.,0
ML improves performance by 41% with 1918 examples.,1
How does AI work?,0
Ask any expert about ethical concerns..,0
Neural systems are based on logic.,1
Artificial Intelligence is the simulation of human intelligence by machines..,1
Neural systems are based on logic.,1
ML improves performance by 41% with 1918 examples.,1
Reinforcement learning optimizes decisions based on rewards with 93% accuracy..,1
How does AI work?,0
Consider we we analyze neural networks.. briefly,0
"For example, early systems were limited..",0
ML improves performance by 41% with 1918 examples.,1
Let’s think about DL today.,0
What is the future of machine learning? next.,0
Let us explore the history of AI..,0
Now any any expert about ethical concerns..,0
Emerging The term AI was coined in 1956 by John McCarthy at the Dartmouth Conference..,1
Let’s think about DL today.,0
Let’s think about DL today.,0
How does AI work?,0
Neural systems are based on logic.,1
Symbolic reasoning represents data as symbols and manipulates them with logical rules..,1
Consider us us explore the history of AI..,0
Let’s think about DL today.,0
Reinforcement learning optimizes decisions based on rewards..,1
ML improves performance by 41% with 1918 examples.,1
ML improves performance by 41% with 1918 examples.,1
"However, this topic requires more discussion.. briefly",0
Modern Deep learning uses neural networks to achieve over 95% accuracy in image recognition with 88% accuracy..,1
Let’s approach approach was foundational but slow..,0
"Advanced Machine learning, a subset of AI, enables systems to learn from data..",1
How does AI work?,0
"However, this topic requires more discussion.. simply",0
Let’s think about DL today.,0
Let’s think about DL today.,0
Consider we we analyze neural networks. later.,0
ML improves performance by 41% with 1918 examples.,1
Neural systems are based on logic.,1
Now approach approach was foundational but slow..,0
"Machine learning, a subset of AI, enables systems to learn from data..",1
How does AI work?,0
The term AI was coined in 1956 by John McCarthy at the Dartmouth Conference..,1
"Machine learning, a subset of AI, enables systems to learn from data with 97% accuracy.. simply",1
Neural systems are based on logic.,1
ML improves performance by 41% with 1918 examples.,1
Consider is is the future of machine learning?.,0
ML improves performance by 41% with 1918 examples.,1
Neural systems are based on logic.,1
Suppose we analyze neural networks. today.,0
Neural systems are based on logic.,1
How does AI work?,0
ML improves performance by 41% with 1918 examples.,1
This approach was foundational but slow..,0
Now any any expert about ethical concerns.. clearly,0
Reinforcement learning optimizes decisions based on rewards..,1
"Now example, example, early systems were limited. later.",0
Ask any expert about ethical concerns.. clearly,0
Advanced The term AI was coined in 1956 by John McCarthy at the Dartmouth Conference.. simply,1
ML improves performance by 41% with 1918 examples.,1
ML improves performance by 41% with 1918 examples.,1
Neural networks consist of layers that process input data for complex tasks..,1
Suppose we analyze neural networks..,0
Modern Artificial Intelligence is the simulation of human intelligence by machines.. clearly,1
What is the future of machine learning? next.,0
Artificial Intelligence is the simulation of human intelligence by machines..,1
Let us explore the history of AI..,0
Artificial Intelligence is the simulation of human intelligence by machines..,1
Neural systems are based on logic.,1
Neural systems are based on logic.,1
Let’s think about DL today.,0
Symbolic reasoning represents data as symbols and manipulates them with logical rules..,1
Now consider deep learning techniques.. simply,0
"However, this topic requires more discussion. next.",0
Neural systems are based on logic.,1
The term AI was coined in 1956 by John McCarthy at the Dartmouth Conference..,1
ML improves performance by 41% with 1918 examples.,1
ML improves performance by 41% with 1918 examples.,1
Neural systems are based on logic.,1
Now consider deep learning techniques. next.,0
ML improves performance by 41% with 1918 examples.,1
Neural systems are based on logic.,1
The term AI was coined in 1956 by John McCarthy at the Dartmouth Conference.. simply,1
Advanced Neural networks consist of layers that process input data for complex tasks..,1
Deep learning uses neural networks to achieve over 95% accuracy in image recognition..,1
Now consider deep learning techniques..,0
Neural systems are based on logic.,1
Consider this this topic requires more discussion..,0
Emerging Deep learning uses neural networks to achieve over 95% accuracy in image recognition..,1
Emerging Deep learning uses neural networks to achieve over 95% accuracy in image recognition..,1
Neural systems are based on logic.,1
How does AI work?,0
ML improves performance by 41% with 1918 examples.,1
Let’s think about DL today.,0
Reinforcement learning optimizes decisions based on rewards..,1
Neural systems are based on logic.,1
Neural networks consist of layers that process input data for complex tasks..,1
Now consider deep learning techniques.. simply,0
"Machine learning, a subset of AI, enables systems to learn from data..",1
Training models with 1000 examples improves performance by 20%..,1
Symbolic reasoning represents data as symbols and manipulates them with logical rules..,1
Modern Deep learning uses neural networks to achieve over 95% accuracy in image recognition..,1
Consider approach approach was foundational but slow..,0
ML improves performance by 41% with 1918 examples.,1
Neural systems are based on logic.,1
ML improves performance by 41% with 1918 examples.,1
"Machine learning, a subset of AI, enables systems to learn from data..",1
Let us explore the history of AI. next.,0
Let’s think about DL today.,0
Neural systems are based on logic.,1
Let’s think about DL today.,0
ML improves performance by 41% with 1918 examples.,1
How does AI work?,0
"Let’s example, example, early systems were limited. later. briefly",0
Neural systems are based on logic.,1
Neural systems are based on logic.,1
Now any any expert about ethical concerns..,0
"For example, early systems were limited..",0
ML improves performance by 41% with 1918 examples.,1
ML improves performance by 41% with 1918 examples.,1
Symbolic reasoning represents data as symbols and manipulates them with logical rules..,1
How does AI work?,0
ML improves performance by 41% with 1918 examples.,1
Suppose we analyze neural networks. next. clearly,0
ML improves performance by 41% with 1918 examples.,1
Now consider deep learning techniques..,0
Artificial Intelligence is the simulation of human intelligence by machines with 87% accuracy.. briefly,1
Symbolic reasoning represents data as symbols and manipulates them with logical rules..,1
"For example, early systems were limited.. briefly",0
Emerging The term AI was coined in 1956 by John McCarthy at the Dartmouth Conference..,1
Neural systems are based on logic.,1
Consider we we analyze neural networks.. clearly,0
"Advanced Machine learning, a subset of AI, enables systems to learn from data.. simply",1
"Machine learning, a subset of AI, enables systems to learn from data with 87% accuracy..",1
Let’s think about DL today.,0
ML improves performance by 41% with 1918 examples.,1
Consider is is the future of machine learning?.,0
ML improves performance by 41% with 1918 examples.,1
Let us explore the history of AI. today.,0
Suppose we analyze neural networks..,0
ML improves performance by 41% with 1918 examples.,1
Let’s think about DL today.,0
Let’s think about DL today.,0
Let us explore the history of AI.. clearly,0
Training models with 1000 examples improves performance by 20%..,1
Consider is is the future of machine learning?. briefly,0
Neural systems are based on logic.,1
Let’s think about DL today.,0
ML improves performance by 41% with 1918 examples.,1
ML improves performance by 41% with 1918 examples.,1
Reinforcement learning optimizes decisions based on rewards..,1
Ask any expert about ethical concerns..,0
Neural systems are based on logic.,1
Now consider consider deep learning techniques.. briefly,0
Neural networks consist of layers that process input data for complex tasks..,1
"For example, early systems were limited..",0
Neural systems are based on logic.,1
Deep learning uses neural networks to achieve over 95% accuracy in image recognition.. simply,1
Neural systems are based on logic.,1
Deep learning uses neural networks to achieve over 95% accuracy in image recognition with 99% accuracy..,1
ML improves performance by 41% with 1918 examples.,1
Let’s consider consider deep learning techniques. next.,0
ML improves performance by 41% with 1918 examples.,1
Let us explore the history of AI. today.,0
ML improves performance by 41% with 1918 examples.,1
Neural systems are based on logic.,1
Consider any any expert about ethical concerns..,0
ML improves performance by 41% with 1918 examples.,1
Advanced The term AI was coined in 1956 by John McCarthy at the Dartmouth Conference..,1
Advanced Neural networks consist of layers that process input data for complex tasks..,1
Symbolic reasoning represents data as symbols and manipulates them with logical rules..,1
"Consider example, example, early systems were limited..",0
How does AI work?,0
Neural systems are based on logic.,1
Let’s approach approach was foundational but slow..,0
Let’s think about DL today.,0
Neural systems are based on logic.,1
Artificial Intelligence is the simulation of human intelligence by machines.. briefly,1
Emerging Artificial Intelligence is the simulation of human intelligence by machines.. clearly,1
Let’s think about DL today.,0
Now consider deep learning techniques..,0
Let’s think about DL today.,0
How does AI work?,0
Reinforcement learning optimizes decisions based on rewards..,1
How does AI work?,0
Consider approach approach was foundational but slow..,0
Modern Symbolic reasoning represents data as symbols and manipulates them with logical rules..,1
"Emerging Machine learning, a subset of AI, enables systems to learn from data..",1
ML improves performance by 41% with 1918 examples.,1
Consider this this topic requires more discussion..,0
The term AI was coined in 1956 by John McCarthy at the Dartmouth Conference..,1
Now any any expert about ethical concerns.. clearly,0
How does AI work?,0
Artificial Intelligence is the simulation of human intelligence by machines.. clearly,1
How does AI work?,0
The term AI was coined in 1956 by John McCarthy at the Dartmouth Conference..,1
Advanced Deep learning uses neural networks to achieve over 95% accuracy in image recognition..,1
Now we we analyze neural networks. next.,0
"Machine learning, a subset of AI, enables systems to learn from data..",1
Modern Artificial Intelligence is the simulation of human intelligence by machines..,1
How does AI work?,0
Symbolic reasoning represents data as symbols and manipulates them with logical rules..,1
ML improves performance by 41% with 1918 examples.,1
Modern Training models with 1000 examples improves performance by 20%..,1
Neural systems are based on logic.,1
ML improves performance by 41% with 1918 examples.,1
Emerging Symbolic reasoning represents data as symbols and manipulates them with logical rules..,1
ML improves performance by 41% with 1918 examples.,1
Ask any expert about ethical concerns..,0
Deep learning uses neural networks to achieve over 95% accuracy in image recognition..,1
Neural systems are based on logic.,1
Emerging Symbolic reasoning represents data as symbols and manipulates them with logical rules with 95% accuracy..,1
Neural systems are based on logic.,1
ML improves performance by 41% with 1918 examples.,1
Let’s think about DL today.,0
Now consider consider deep learning techniques.. clearly,0
Symbolic reasoning represents data as symbols and manipulates them with logical rules..,1
This approach was foundational but slow. today. briefly,0
Artificial Intelligence is the simulation of human intelligence by machines..,1
"For example, early systems were limited..",0
Let’s think about DL today.,0
ML improves performance by 41% with 1918 examples.,1
What is the future of machine learning?.,0
Artificial Intelligence is the simulation of human intelligence by machines..,1
Let’s think about DL today.,0
Training models with 1000 examples improves performance by 20%..,1
The term AI was coined in 1956 by John McCarthy at the Dartmouth Conference..,1
"Advanced Machine learning, a subset of AI, enables systems to learn from data..",1
Emerging Deep learning uses neural networks to achieve over 95% accuracy in image recognition..,1
Let’s think about DL today.,0
How does AI work?,0
Consider us us explore the history of AI. next. clearly,0
ML improves performance by 41% with 1918 examples.,1
Neural networks consist of layers that process input data for complex tasks..,1
Reinforcement learning optimizes decisions based on rewards..,1
Training models with 1000 examples improves performance by 20% with 89% accuracy..,1
ML improves performance by 41% with 1918 examples.,1
This approach was foundational but slow..,0
Let’s think about DL today.,0
Neural systems are based on logic.,1
Now consider deep learning techniques..,0
Consider any any expert about ethical concerns. next.,0
Neural systems are based on logic.,1
"For example, early systems were limited..",0
ML improves performance by 41% with 1918 examples.,1
Neural systems are based on logic.,1
Neural networks consist of layers that process input data for complex tasks..,1
Reinforcement learning optimizes decisions based on rewards..,1
Artificial Intelligence is the simulation of human intelligence by machines..,1
Neural systems are based on logic.,1
Let’s think about DL today.,0
Neural systems are based on logic.,1
ML improves performance by 41% with 1918 examples.,1
Neural systems are based on logic.,1
"For example, early systems were limited..",0
Deep learning uses neural networks to achieve over 95% accuracy in image recognition..,1
ML improves performance by 41% with 1918 examples.,1
Emerging Neural networks consist of layers that process input data for complex tasks with 84% accuracy..,1
Let’s we we analyze neural networks. next. briefly,0
What is the future of machine learning?.,0
Now consider deep learning techniques. today. briefly,0
"Advanced Machine learning, a subset of AI, enables systems to learn from data.. simply",1
Neural networks consist of layers that process input data for complex tasks with 88% accuracy..,1
ML improves performance by 41% with 1918 examples.,1
ML improves performance by 41% with 1918 examples.,1
Neural systems are based on logic.,1
How does AI work?,0
The term AI was coined in 1956 by John McCarthy at the Dartmouth Conference..,1
"However, this topic requires more discussion..",0
Training models with 1000 examples improves performance by 20%..,1
Let’s any any expert about ethical concerns. later.,0
Suppose we analyze neural networks..,0
Neural systems are based on logic.,1
How does AI work?,0
Emerging Symbolic reasoning represents data as symbols and manipulates them with logical rules with 86% accuracy..,1
How does AI work?,0
Let’s think about DL today.,0
Neural networks consist of layers that process input data for complex tasks..,1
ML improves performance by 41% with 1918 examples.,1
Neural networks consist of layers that process input data for complex tasks..,1
ML improves performance by 41% with 1918 examples.,1
Advanced The term AI was coined in 1956 by John McCarthy at the Dartmouth Conference..,1
Let’s think about DL today.,0
Consider this this topic requires more discussion..,0
Let us explore the history of AI..,0
ML improves performance by 41% with 1918 examples.,1
Let’s think about DL today.,0
Reinforcement learning optimizes decisions based on rewards with 91% accuracy..,1
Neural networks consist of layers that process input data for complex tasks..,1
Training models with 1000 examples improves performance by 20%..,1
Neural systems are based on logic.,1
Let’s approach approach was foundational but slow..,0
ML improves performance by 41% with 1918 examples.,1
"Consider example, example, early systems were limited..",0
Let’s think about DL today.,0
Advanced Reinforcement learning optimizes decisions based on rewards.. clearly,1
Neural systems are based on logic.,1
Training models with 1000 examples improves performance by 20%..,1
How does AI work?,0
Let’s us us explore the history of AI..,0
Symbolic reasoning represents data as symbols and manipulates them with logical rules..,1
Neural systems are based on logic.,1
Emerging Neural networks consist of layers that process input data for complex tasks.. clearly,1
Training models with 1000 examples improves performance by 20%..,1
"For example, early systems were limited..",0
Let’s think about DL today.,0
How does AI work?,0
Ask any expert about ethical concerns. next. briefly,0
Ask any expert about ethical concerns. later.,0
Let’s think about DL today.,0
"For example, early systems were limited..",0
ML improves performance by 41% with 1918 examples.,1
ML improves performance by 41% with 1918 examples.,1
Neural systems are based on logic.,1
Let’s think about DL today.,0
"Consider example, example, early systems were limited..",0
ML improves performance by 41% with 1918 examples.,1
"Machine learning, a subset of AI, enables systems to learn from data..",1
Neural systems are based on logic.,1
Let’s think about DL today.,0
Now us us explore the history of AI. next.,0
Deep learning uses neural networks to achieve over 95% accuracy in image recognition.. simply,1
Symbolic reasoning represents data as symbols and manipulates them with logical rules.. briefly,1
Deep learning uses neural networks to achieve over 95% accuracy in image recognition with 88% accuracy..,1
Suppose we analyze neural networks..,0
Neural systems are based on logic.,1
Let’s think about DL today.,0
Ask any expert about ethical concerns..,0
How does AI work?,0
Training models with 1000 examples improves performance by 20% with 82% accuracy..,1
Now consider deep learning techniques..,0
How does AI work?,0
How does AI work?,0
"However, this topic requires more discussion..",0
Modern The term AI was coined in 1956 by John McCarthy at the Dartmouth Conference..,1
Emerging Symbolic reasoning represents data as symbols and manipulates them with logical rules..,1
Let’s think about DL today.,0
How does AI work?,0
ML improves performance by 41% with 1918 examples.,1
ML improves performance by 41% with 1918 examples.,1
ML improves performance by 41% with 1918 examples.,1
Let’s think about DL today.,0
Suppose we analyze neural networks. next.,0
Neural systems are based on logic.,1
"For example, early systems were limited..",0
The term AI was coined in 1956 by John McCarthy at the Dartmouth Conference..,1
This approach was foundational but slow. later. briefly,0
Neural networks consist of layers that process input data for complex tasks..,1
Consider is is the future of machine learning? later. clearly,0
Neural systems are based on logic.,1
Neural systems are based on logic.,1
What is the future of machine learning?. simply,0
Neural systems are based on logic.,1
Let’s think about DL today.,0
ML improves performance by 41% with 1918 examples.,1
Training models with 1000 examples improves performance by 20%..,1
Emerging Artificial Intelligence is the simulation of human intelligence by machines..,1
What is the future of machine learning?.,0
ML improves performance by 41% with 1918 examples.,1
ML improves performance by 41% with 1918 examples.,1
Neural systems are based on logic.,1
ML improves performance by 41% with 1918 examples.,1
Now approach approach was foundational but slow.. clearly,0
Now consider deep learning techniques..,0
Advanced Artificial Intelligence is the simulation of human intelligence by machines..,1
Artificial Intelligence is the simulation of human intelligence by machines..,1
How does AI work?,0
ML improves performance by 41% with 1918 examples.,1
How does AI work?,0
Emerging Training models with 1000 examples improves performance by 20% with 85% accuracy..,1
Now us us explore the history of AI..,0
ML improves performance by 41% with 1918 examples.,1
Now us us explore the history of AI..,0
Training models with 1000 examples improves performance by 20% with 88% accuracy..,1
Artificial Intelligence is the simulation of human intelligence by machines.. briefly,1
"For example, early systems were limited..",0
What is the future of machine learning?.,0
Let us explore the history of AI.. clearly,0
ML improves performance by 41% with 1918 examples.,1
How does AI work?,0
"Machine learning, a subset of AI, enables systems to learn from data..",1
This approach was foundational but slow. later.,0
"However, this topic requires more discussion. later.",0
Training models with 1000 examples improves performance by 20%..,1
Ask any expert about ethical concerns..,0
Let’s think about DL today.,0
How does AI work?,0
Neural systems are based on logic.,1
ML improves performance by 41% with 1918 examples.,1
Now consider deep learning techniques. later.,0
Let’s think about DL today.,0
Let’s approach approach was foundational but slow..,0
Emerging Training models with 1000 examples improves performance by 20%..,1
"Machine learning, a subset of AI, enables systems to learn from data.. briefly",1
Neural systems are based on logic.,1
Neural systems are based on logic.,1
Let’s think about DL today.,0
Neural systems are based on logic.,1
How does AI work?,0
Let’s we we analyze neural networks..,0
Neural systems are based on logic.,1
Modern The term AI was coined in 1956 by John McCarthy at the Dartmouth Conference.. clearly,1
Now this this topic requires more discussion. today.,0
